model_name,strategy_args,model_params,mae,mse,rmse,mape,smape,mase,wape,msmape,mae_norm,mse_norm,rmse_norm,mape_norm,smape_norm,mase_norm,wape_norm,msmape_norm,file_name,fit_time,inference_time,actual_data,inference_data,log_info
VAR_model,"{""num_rollings"": 48000, ""pred_len"": 60, ""strategy_name"": ""rolling_forecast"", ""stride"": 1, ""train_test_split"": 0.8}",{},37752.68301614726,12499705047.22213,110051.51534398782,43.154530903096955,39.75046054140999,-1.0,21.977730759007198,39.4378456063154,1.1518784705687117,3.1511821731574465,1.7236693360538466,217.06187639135598,90.14562298875605,-1.0,58.7624668366575,79.26430683206789,ILI.csv,0.013113021850585938,0.0019475671980116102,,,
VAR_model,"{""num_rollings"": 48000, ""pred_len"": 60, ""strategy_name"": ""rolling_forecast"", ""stride"": 1, ""train_test_split"": 0.8}",{},130247.16231641079,1387628656784.035,1021692.6131887531,inf,120.33187115585827,-1.0,279.26756190157425,120.11293389803697,42.94763248109352,8564.819778127692,81.00536592105429,19281.461791599446,138.41406352030205,-1.0,747.7488813576057,137.13989586461798,FRED-MD.csv,0.22855782508850098,0.006787957816288389,,,
VAR_model,"{""num_rollings"": 48000, ""pred_len"": 60, ""strategy_name"": ""rolling_forecast"", ""stride"": 1, ""train_test_split"": 0.8}",{},6.701584731194753,83.94363058841319,9.018981005797857,inf,40.701879281344674,-1.0,35.96247467767936,40.518447219814185,0.9185552148731412,1.4550898265763603,1.1877388114727938,507.2989386523555,111.21014468228681,-1.0,99.74873628274248,100.23526443229223,NN5.csv,0.2818601131439209,0.006400916576385498,,,
