model_name,strategy_args,model_params,mae,mse,rmse,mape,smape,mase,wape,msmape,mae_norm,mse_norm,rmse_norm,mape_norm,smape_norm,mase_norm,wape_norm,msmape_norm,file_name,fit_time,inference_time,actual_data,inference_data,log_info
VAR_model,"{""num_rollings"": 48000, ""pred_len"": 60, ""strategy_name"": ""rolling_forecast"", ""stride"": 1, ""train_test_split"": 0.8}",{},37752.68301615082,12499705047.224361,110051.51534399805,43.15453090310123,39.75046054141154,-1.0,21.97773075900922,39.43784560631693,1.1518784705687524,3.151182173157451,1.7236693360538493,217.06187639137863,90.14562298876132,-1.0,58.762466836659556,79.26430683207361,national_illness.csv,0.019011974334716797,0.0019317591631854022,,,
VAR_model,"{""num_rollings"": 48000, ""pred_len"": 60, ""strategy_name"": ""rolling_forecast"", ""stride"": 1, ""train_test_split"": 0.8}",{},122971.84574985177,1212657498821.6604,946743.8001915943,inf,118.11738669436124,-1.0,263.0660546189937,117.88558379604994,40.71512869385494,7806.498317897183,76.67163189268847,18052.20342197829,136.29139875057135,-1.0,706.3165611033658,134.99843693591606,fred_md_dataset.csv,0.20267796516418457,0.005863184216378749,,,
VAR_model,"{""num_rollings"": 48000, ""pred_len"": 60, ""strategy_name"": ""rolling_forecast"", ""stride"": 1, ""train_test_split"": 0.8}",{},6.720219512802537,84.3298984674942,9.041777027844343,inf,40.841739441012294,-1.0,36.061652417469496,40.65794796619654,0.9211514879307048,1.4621948501648927,1.1908471996514796,510.5839288929048,111.2923136167437,-1.0,100.02768071579406,100.33623056432879,nn5_daily_dataset_without_missing_values.csv,0.2310807704925537,0.006291391849517822,,,
